tweet_id,retweet_count,favorite_count,favorited,retweeted
666020888022790149,7727.0,36303.0,False,False
666029285002620928,5719.0,31302.0,False,False
666033412701032449,3785.0,23578.0,False,False
666044226329800704,7888.0,39615.0,False,False
666049248165822465,8507.0,37821.0,False,False
666050758794694657,2851.0,19049.0,False,False
666051853826850816,1854.0,11091.0,False,False
666055525042405380,17247.0,61178.0,False,False
666057090499244032,3925.0,26213.0,False,False
666058600524156928,6716.0,29961.0,False,False
666063827256086533,6707.0,28839.0,False,False
666071193221509120,4565.0,26214.0,False,False
666073100786774016,9155.0,45161.0,False,False
666082916733198337,4108.0,25426.0,False,False
666094000022159362,2060.0,14215.0,False,False
666099513787052032,4874.0,23686.0,False,False
666102155909144576,4117.0,27375.0,False,False
666104133288665088,3881.0,24059.0,False,False
666268910803644416,3185.0,18569.0,False,False
666273097616637952,,,,
666287406224695296,3168.0,20479.0,False,False
666293911632134144,4922.0,28442.0,False,False
666337882303524864,10774.0,43621.0,False,False
666345417576210432,16465.0,64661.0,False,False
666353288456101888,9572.0,31646.0,False,False
666362758909284353,5452.0,28792.0,False,False
666373753744588802,7016.0,32862.0,False,False
666396247373291520,2939.0,11272.0,False,False
666407126856765440,4087.0,21131.0,False,False
666411507551481857,2896.0,19885.0,False,False
666418789513326592,4.0,111.0,False,False
666421158376562688,5776.0,26330.0,False,False
666428276349472768,100.0,0.0,False,False
666430724426358785,6142.0,30616.0,False,False
666435652385423360,5848.0,33803.0,False,False
666437273139982337,3411.0,19255.0,False,False
666447344410484738,16946.0,0.0,False,False
666454714377183233,4000.0,20603.0,False,False
666644823164719104,16564.0,72572.0,False,False
666649482315059201,5111.0,26203.0,False,False
666691418707132416,4301.0,22843.0,False,False
666701168228331520,5211.0,25468.0,False,False
666739327293083650,18605.0,68298.0,False,False
666776908487630848,2738.0,19192.0,False,False
666781792255496192,3144.0,20564.0,False,False
666786068205871104,9033.0,43086.0,False,False
666804364988780544,3388.0,21329.0,False,False
666817836334096384,6070.0,34876.0,False,False
666826780179869698,3562.0,22467.0,False,False
666835007768551424,4477.0,26593.0,False,False
666837028449972224,5564.0,26323.0,False,False
666983947667116034,10595.0,42175.0,False,False
666996132027977728,4472.0,27572.0,False,False
667012601033924608,3111.0,22889.0,False,False
667044094246576128,9776.0,47638.0,False,False
667062181243039745,7.0,117.0,False,False
667065535570550784,14615.0,46518.0,False,False
667073648344346624,4824.0,21861.0,False,False
667090893657276420,2552.0,16061.0,False,False
667119796878725120,3506.0,20031.0,False,False
667138269671505920,5695.0,26815.0,False,False
667152164079423490,3813.0,25391.0,False,False
667160273090932737,3977.0,26002.0,False,False
667165590075940865,3204.0,21054.0,False,False
667171260800061440,10.0,297.0,False,False
667174963120574464,2918.0,22089.0,False,False
667176164155375616,40717.0,99551.0,False,False
667177989038297088,2862.0,15819.0,False,False
667182792070062081,6237.0,0.0,False,False
667188689915760640,4300.0,21226.0,False,False
667192066997374976,2462.0,17885.0,False,False
667200525029539841,3750.0,18232.0,False,False
667211855547486208,6524.0,28378.0,False,False
667369227918143488,1181.0,0.0,False,False
667393430834667520,6112.0,0.0,False,False
667405339315146752,1181.0,7287.0,False,False
667435689202614272,6237.0,39662.0,False,False
667437278097252352,17392.0,74738.0,False,False
667443425659232256,73.0,0.0,False,False
667453023279554560,3495.0,21396.0,False,False
667455448082227200,4775.0,25816.0,False,False
667470559035432960,5124.0,25535.0,False,False
667491009379606528,3062.0,19498.0,False,False
667495797102141441,4306.0,22290.0,False,False
667502640335572993,2180.0,17700.0,False,False
667509364010450944,4293.0,26390.0,False,False
667517642048163840,3928.0,23731.0,False,False
667524857454854144,4514.0,20668.0,False,False
667530908589760512,5596.0,25893.0,False,False
667534815156183040,4347.0,24055.0,False,False
667538891197542400,4264.0,26242.0,False,False
667544320556335104,13383.0,0.0,False,False
667546741521195010,3782.0,24598.0,False,False
667549055577362432,3670.0,21457.0,False,False
667550882905632768,9457.0,32409.0,False,False
667550904950915073,,,,
667724302356258817,3626.0,22884.0,False,False
667728196545200128,1473.0,0.0,False,False
667766675769573376,1473.0,6781.0,False,False
667773195014021121,5006.0,25810.0,False,False
667782464991965184,3437.0,13941.0,False,False
667793409583771648,,,,
667801013445750784,3370.0,19604.0,False,False
667806454573760512,8350.0,38574.0,False,False
667832474953625600,,,,
667861340749471744,7486.0,32498.0,False,False
667866724293877760,10181.0,35601.0,False,False
667873844930215936,3235.0,19172.0,False,False
667878741721415682,3225.0,19123.0,False,False
667885044254572545,5290.0,0.0,False,False
667886921285246976,5117.0,19849.0,False,False
667902449697558528,3551.0,21569.0,False,False
667911425562669056,5747.0,31913.0,False,False
667915453470232577,3.0,115.0,False,False
667924896115245057,2454.0,11737.0,False,False
667937095915278337,24603.0,78744.0,False,False
668113020489474048,3865.0,20815.0,False,False
668142349051129856,7740.0,34698.0,False,False
668154635664932864,,,,
668171859951755264,9406.0,40415.0,False,False
668190681446379520,5874.0,26862.0,False,False
668204964695683073,2909.0,15190.0,False,False
668221241640230912,3527.0,19424.0,False,False
668226093875376128,13468.0,62263.0,False,False
668237644992782336,1937.0,0.0,False,False
668248472370458624,4951.0,25418.0,False,False
668256321989451776,1937.0,9601.0,False,False
668268907921326080,3908.0,23069.0,False,False
668274247790391296,6879.0,32398.0,False,False
668286279830867968,2332.0,15344.0,False,False
668291999406125056,112.0,0.0,False,False
668297328638447616,7384.0,30743.0,False,False
668466899341221888,,,,
668480044826800133,4495.0,19127.0,False,False
668484198282485761,3274.0,18420.0,False,False
668496999348633600,33060.0,116736.0,False,False
668507509523615744,13383.0,50088.0,False,False
668528771708952576,7870.0,0.0,False,False
668537837512433665,5284.0,24529.0,False,False
668542336805281792,4709.0,25334.0,False,False
668544745690562560,7241.0,26802.0,False,False
668567822092664832,8182.0,30906.0,False,False
668614819948453888,2844.0,13962.0,False,False
668620235289837568,8339.0,28753.0,False,False
668623201287675904,3904.0,19747.0,False,False
668625577880875008,3952.0,14633.0,False,False
668627278264475648,2292.0,0.0,False,False
668631377374486528,4950.0,22817.0,False,False
668633411083464705,91.0,2121.0,False,False
668636665813057536,1048.0,8437.0,False,False
668641109086707712,2292.0,8129.0,False,False
668643542311546881,4864.0,18429.0,False,False
668645506898350081,3344.0,16417.0,False,False
668655139528511488,4666.0,19651.0,False,False
668779399630725120,21918.0,71383.0,False,False
668815180734689280,,,,
668826086256599040,10148.0,34707.0,False,False
668852170888998912,3922.0,16511.0,False,False
668872652652679168,3618.0,16065.0,False,False
668892474547511297,2038.0,0.0,False,False
668902994700836864,761.0,0.0,False,False
668932921458302977,2038.0,7213.0,False,False
668955713004314625,5047.0,22761.0,False,False
668960084974809088,3331.0,17709.0,False,False
668975677807423489,5562.0,16087.0,False,False
668979806671884288,29425.0,0.0,False,False
668981893510119424,3903.0,18887.0,False,False
668986018524233728,3342.0,14875.0,False,False
668988183816871936,1489.0,17967.0,False,False
668989615043424256,28734.0,86768.0,False,False
668992363537309700,13006.0,32670.0,False,False
668994913074286592,7748.0,0.0,False,False
669000397445533696,3327.0,15060.0,False,False
669006782128353280,4642.0,20802.0,False,False
669015743032369152,2779.0,15244.0,False,False
669037058363662336,2483.0,15574.0,False,False
669203728096960512,10178.0,33185.0,False,False
669214165781868544,1572.0,5709.0,False,False
669216679721873412,4331.0,19440.0,False,False
669324657376567296,17.0,218.0,False,False
669327207240699904,164.0,0.0,False,False
669328503091937280,3828.0,18304.0,False,False
669351434509529089,,,,
669353438988365824,2774.0,15857.0,False,False
669354382627049472,1804.0,11529.0,False,False
669359674819481600,646.0,0.0,False,False
669363888236994561,15.0,502.0,False,False
669367896104181761,6057.0,26985.0,False,False
669371483794317312,25.0,330.0,False,False
669375718304980992,941.0,4791.0,False,False
669393256313184256,2039.0,11553.0,False,False
669564461267722241,17391.0,44516.0,False,False
669567591774625800,5242.0,25979.0,False,False
669571471778410496,7943.0,29075.0,False,False
669573570759163904,5769.0,0.0,False,False
669583744538451968,43.0,0.0,False,False
669597912108789760,5878.0,22240.0,False,False
669603084620980224,6667.0,28646.0,False,False
669625907762618368,4546.0,18463.0,False,False
669661792646373376,7258.0,31292.0,False,False
669680153564442624,3061.0,15900.0,False,False
669682095984410625,5582.0,27995.0,False,False
669683899023405056,9779.0,33988.0,False,False
669749430875258880,3462.0,15191.0,False,False
669753178989142016,1945.0,0.0,False,False
669923323644657664,1770.0,8876.0,False,False
669926384437997569,2105.0,14638.0,False,False
669942763794931712,3388.0,16015.0,False,False
669970042633789440,9721.0,32574.0,False,False
669972011175813120,6688.0,19645.0,False,False
669993076832759809,1554.0,11277.0,False,False
670003130994700288,,,,
670037189829525505,19.0,0.0,False,False
670040295598354432,3407.0,16028.0,False,False
670046952931721218,6910.0,23900.0,False,False
670055038660800512,5624.0,20389.0,False,False
670061506722140161,8971.0,30389.0,False,False
670069087419133954,2565.0,12922.0,False,False
670073503555706880,322.0,3412.0,False,False
670079681849372674,3726.0,16119.0,False,False
670086499208155136,4791.0,20166.0,False,False
670093938074779648,7477.0,30081.0,False,False
670290420111441920,4878.0,0.0,False,False
670303360680108032,3109.0,15694.0,False,False
670319130621435904,1871.0,11301.0,False,False
670338931251150849,8350.0,41890.0,False,False
670361874861563904,4254.0,24946.0,False,False
670374371102445568,4552.0,24468.0,False,False
670385711116361728,722.0,8101.0,False,False
670403879788544000,3000.0,16176.0,False,False
670408998013820928,3215.0,0.0,False,False
670411370698022913,426.0,0.0,False,False
670417414769758208,5017.0,23289.0,False,False
670420569653809152,1316.0,5396.0,False,False
670421925039075328,410.0,6933.0,False,False
670427002554466305,3385.0,18618.0,False,False
670428280563085312,4264.0,20345.0,False,False
670433248821026816,5781.0,19742.0,False,False
670434127938719744,3143.0,21319.0,False,False
670435821946826752,3886.0,19951.0,False,False
670442337873600512,11441.0,44326.0,False,False
670444955656130560,3041.0,14016.0,False,False
670449342516494336,8959.0,31424.0,False,False
670452855871037440,9918.0,30855.0,False,False
670465786746662913,2835.0,15887.0,False,False
670468609693655041,8624.0,29074.0,False,False
670474236058800128,4751.0,25061.0,False,False
670668383499735048,,,,
670676092097810432,1790.0,7609.0,False,False
670679630144274432,5347.0,23235.0,False,False
670691627984359425,7584.0,0.0,False,False
670704688707301377,2539.0,13575.0,False,False
670717338665226240,3165.0,15016.0,False,False
670727704916926465,,,,
670733412878163972,3104.0,16404.0,False,False
670755717859713024,2184.0,13603.0,False,False
670764103623966721,2927.0,15138.0,False,False
670778058496974848,4590.0,21400.0,False,False
670780561024270336,2729.0,16842.0,False,False
670782429121134593,5996.0,21467.0,False,False
670783437142401025,,,,
670786190031921152,3622.0,15251.0,False,False
670789397210615808,1277.0,6721.0,False,False
670792680469889025,3490.0,18076.0,False,False
670797304698376195,5769.0,24427.0,False,False
670803562457407488,3020.0,13966.0,False,False
670804601705242624,15042.0,0.0,False,False
670807719151067136,7783.0,25693.0,False,False
670811965569282048,3678.0,12648.0,False,False
670815497391357952,5485.0,19795.0,False,False
670822709593571328,4643.0,15836.0,False,False
670823764196741120,5290.0,22874.0,False,False
670826280409919488,1764.0,0.0,False,False
670832455012716544,16110.0,0.0,False,False
670833812859932673,2.0,174.0,False,False
670838202509447168,973.0,12296.0,False,False
670840546554966016,1764.0,9011.0,False,False
670842764863651840,4536.0,16468.0,False,False
670995969505435648,5733.0,19283.0,False,False
671109016219725825,2276.0,13439.0,False,False
671115716440031232,7748.0,27504.0,False,False
671122204919246848,144.0,0.0,False,False
671134062904504320,6532.0,27170.0,False,False
671138694582165504,4006.0,19694.0,False,False
671141549288370177,2069.0,11186.0,False,False
671147085991960577,35.0,0.0,False,False
671151324042559489,11018.0,0.0,False,False
671154572044468225,1339.0,10969.0,False,False
671159727754231808,4777.0,22566.0,False,False
671163268581498880,10076.0,0.0,False,False
671166507850801152,332.0,1677.0,False,False
671182547775299584,1.0,139.0,False,False
671186162933985280,3143.0,17694.0,False,False
671347597085433856,7870.0,34237.0,False,False
671355857343524864,443.0,3858.0,False,False
671357843010908160,2279.0,12851.0,False,False
671362598324076544,,,,
671390180817915904,2370.0,16122.0,False,False
671485057807351808,,,,
671486386088865792,2294.0,12816.0,False,False
671488513339211776,4655.0,19401.0,False,False
671497587707535361,2234.0,12664.0,False,False
671504605491109889,556.0,0.0,False,False
671511350426865664,27602.0,0.0,False,False
671518598289059840,3003.0,14825.0,False,False
671520732782923777,4317.0,21413.0,False,False
671528761649688577,4282.0,19174.0,False,False
671533943490011136,8169.0,0.0,False,False
671536543010570240,3638.0,17877.0,False,False
671538301157904385,1708.0,0.0,False,False
671542985629241344,21057.0,0.0,False,False
671544874165002241,3030.0,16553.0,False,False
671547767500775424,1708.0,7774.0,False,False
671561002136281088,73.0,2115.0,False,False
671729906628341761,5796.0,26306.0,False,False
671735591348891648,3035.0,22539.0,False,False
671743150407421952,1652.0,10867.0,False,False
671744970634719232,5528.0,21461.0,False,False
671763349865160704,2552.0,13750.0,False,False
671768281401958400,10714.0,0.0,False,False
671789708968640512,1694.0,9682.0,False,False
671855973984772097,4784.0,20725.0,False,False
671866342182637568,3683.0,15930.0,False,False
671874878652489728,2151.0,10123.0,False,False
671879137494245376,2223.0,13158.0,False,False
671882082306625538,2421.0,13507.0,False,False
671891728106971137,3801.0,18172.0,False,False
671896809300709376,222.0,0.0,False,False
672068090318987265,3245.0,20947.0,False,False
672082170312290304,2065.0,14941.0,False,False
672095186491711488,4878.0,20338.0,False,False
672125275208069120,2218.0,13360.0,False,False
672139350159835138,39.0,0.0,False,False
672160042234327040,3654.0,16980.0,False,False
672169685991993344,2941.0,11976.0,False,False
672205392827572224,535.0,2955.0,False,False
672222792075620352,2814.0,15969.0,False,False
672231046314901505,2234.0,12053.0,False,False
672239279297454080,3215.0,17312.0,False,False
672245253877968896,2356.0,11436.0,False,False
672248013293752320,6253.0,0.0,False,False
672254177670729728,9410.0,0.0,False,False
672256522047614977,2.0,63.0,False,False
672264251789176834,9706.0,0.0,False,False
672267570918129665,4700.0,18014.0,False,False
672272411274932228,6192.0,24213.0,False,False
672466075045466113,34.0,339.0,False,False
672475084225949696,6563.0,27835.0,False,False
672481316919734272,1841.0,10537.0,False,False
672482722825261057,1945.0,7212.0,False,False
672488522314567680,2333.0,9060.0,False,False
672523490734551040,1564.0,9348.0,False,False
672538107540070400,1133.0,6599.0,False,False
672591271085670400,2484.0,11854.0,False,False
672591762242805761,2066.0,12018.0,False,False
672594978741354496,1512.0,8056.0,False,False
672604026190569472,16946.0,67477.0,False,False
672609152938721280,5742.0,0.0,False,False
672614745925664768,2981.0,9899.0,False,False
672622327801233409,5082.0,0.0,False,False
672640509974827008,1973.0,12343.0,False,False
672828477930868736,10714.0,32078.0,False,False
672834301050937345,2047.0,10558.0,False,False
672877615439593473,,,,
672884426393653248,7437.0,24649.0,False,False
672898206762672129,16474.0,53632.0,False,False
672902681409806336,3452.0,0.0,False,False
672964561327235073,5934.0,25844.0,False,False
672968025906282496,11305.0,36880.0,False,False
672970152493887488,1365.0,9617.0,False,False
672975131468300288,1178.0,6415.0,False,False
672980819271634944,1305.0,7757.0,False,False
672984142909456390,2238.0,12722.0,False,False
672988786805112832,1086.0,7457.0,False,False
672995267319328768,2978.0,12683.0,False,False
672997845381865473,173.0,2219.0,False,False
673148804208660480,2910.0,11888.0,False,False
673213039743795200,2170.0,10467.0,False,False
673240798075449344,5310.0,20332.0,False,False
673270968295534593,3053.0,15660.0,False,False
673295268553605120,955.0,7525.0,False,False
673317986296586240,3098.0,16036.0,False,False
673320132811366400,,,,
673342308415348736,2252.0,10697.0,False,False
673343217010679808,5082.0,21834.0,False,False
673345638550134785,10306.0,36800.0,False,False
673350198937153538,4035.0,0.0,False,False
673352124999274496,257.0,5175.0,False,False
673355879178194945,2377.0,10165.0,False,False
673359818736984064,4252.0,18639.0,False,False
673363615379013632,2643.0,13462.0,False,False
673576835670777856,937.0,4940.0,False,False
673580926094458881,3179.0,15851.0,False,False
673583129559498752,1898.0,10606.0,False,False
673612854080196609,2522.0,12889.0,False,False
673636718965334016,17764.0,57496.0,False,False
673656262056419329,4608.0,18542.0,False,False
673662677122719744,1281.0,0.0,False,False
673680198160809984,1281.0,6394.0,False,False
673686845050527744,5576.0,0.0,False,False
673688752737402881,3573.0,15140.0,False,False
673689733134946305,1769.0,10229.0,False,False
673697980713705472,10666.0,11979.0,False,False
673700254269775872,3931.0,15264.0,False,False
673705679337693185,605.0,4889.0,False,False
673707060090052608,2750.0,10770.0,False,False
673708611235921920,11374.0,0.0,False,False
673709992831262724,2557.0,14169.0,False,False
673711475735838725,2666.0,13220.0,False,False
673715861853720576,25.0,710.0,False,False
673887867907739649,4093.0,15959.0,False,False
673906403526995968,10051.0,0.0,False,False
673919437611909120,3509.0,17542.0,False,False
673956914389192708,43989.0,133467.0,False,False
674008982932058114,2322.0,13481.0,False,False
674014384960745472,6517.0,0.0,False,False
674019345211760640,3009.0,15043.0,False,False
674024893172875264,6517.0,18425.0,False,False
674036086168010753,14581.0,28493.0,False,False
674038233588723717,10051.0,35474.0,False,False
674042553264685056,4861.0,0.0,False,False
674045139690631169,2352.0,11494.0,False,False
674051556661161984,3411.0,0.0,False,False
674053186244734976,1685.0,8553.0,False,False
674063288070742018,1798.0,8156.0,False,False
674075285688614912,5698.0,0.0,False,False
674082852460433408,4424.0,11973.0,False,False
674255168825880576,10.0,260.0,False,False
674262580978937856,2028.0,8791.0,False,False
674265582246694913,2172.0,9746.0,False,False
674269164442398721,2323.0,12855.0,False,False
674271431610523648,6857.0,0.0,False,False
674291837063053312,10076.0,32076.0,False,False
674318007229923329,3289.0,12408.0,False,False
674372068062928900,573.0,0.0,False,False
674394782723014656,2618.0,0.0,False,False
674410619106390016,573.0,3399.0,False,False
674416750885273600,6405.0,20141.0,False,False
674422304705744896,1201.0,0.0,False,False
674436901579923456,1201.0,5415.0,False,False
674447403907457024,4957.0,13100.0,False,False
674468880899788800,3170.0,13618.0,False,False
674632714662858753,2028.0,9807.0,False,False
674638615994089473,1231.0,7341.0,False,False
674644256330530816,414.0,2318.0,False,False
674646392044941312,6857.0,23468.0,False,False
674664755118911488,37548.0,0.0,False,False
674670581682434048,19306.0,0.0,False,False
674690135443775488,19306.0,46038.0,False,False
674737130913071104,37548.0,88357.0,False,False
674739953134403584,21420.0,0.0,False,False
674743008475090944,7683.0,22781.0,False,False
674752233200820224,2615.0,10014.0,False,False
674754018082705410,6275.0,0.0,False,False
674764817387900928,2516.0,11092.0,False,False
674767892831932416,8259.0,0.0,False,False
674774481756377088,2318.0,11225.0,False,False
674781762103414784,2618.0,12506.0,False,False
674788554665512960,821.0,4945.0,False,False
674790488185167872,27602.0,52641.0,False,False
674793399141146624,2745.0,10928.0,False,False
674800520222154752,3028.0,11972.0,False,False
674805413498527744,3468.0,0.0,False,False
674999807681908736,15042.0,34496.0,False,False
675003128568291329,972.0,5706.0,False,False
675006312288268288,8643.0,0.0,False,False
675015141583413248,2065.0,8935.0,False,False
675047298674663426,2655.0,12438.0,False,False
675109292475830276,1679.0,8751.0,False,False
675111688094527488,4807.0,0.0,False,False
675113801096802304,2079.0,10210.0,False,False
675135153782571009,2239.0,9989.0,False,False
675145476954566656,8259.0,31043.0,False,False
675146535592706048,1985.0,8769.0,False,False
675147105808306176,2187.0,9095.0,False,False
675149409102012420,1049.0,0.0,False,False
675153376133427200,5394.0,0.0,False,False
675166823650848770,1049.0,5053.0,False,False
675334060156301312,8643.0,22842.0,False,False
675349384339542016,4231.0,0.0,False,False
675354435921575936,2321.0,10038.0,False,False
675362609739206656,1681.0,8379.0,False,False
675372240448454658,3890.0,10578.0,False,False
675432746517426176,1304.0,7799.0,False,False
675483430902214656,2762.0,11491.0,False,False
675489971617296384,5961.0,0.0,False,False
675497103322386432,1904.0,8821.0,False,False
675501075957489664,8881.0,29383.0,False,False
675517828909424640,3254.0,0.0,False,False
675522403582218240,1910.0,9487.0,False,False
675531475945709568,14301.0,37176.0,False,False
675534494439489536,1806.0,8490.0,False,False
675706639471788032,7464.0,19024.0,False,False
675707330206547968,1848.0,9430.0,False,False
675710890956750848,4467.0,20305.0,False,False
675740360753160193,1972.0,9467.0,False,False
675781562965868544,2268.0,7937.0,False,False
675798442703122432,2438.0,8650.0,False,False
675820929667219457,457.0,4575.0,False,False
675822767435051008,3205.0,12100.0,False,False
675845657354215424,2806.0,10536.0,False,False
675853064436391936,3700.0,10786.0,False,False
675870721063669760,2837.0,10104.0,False,False
675878199931371520,2001.0,8133.0,False,False
675888385639251968,7537.0,21425.0,False,False
675891555769696257,1952.0,7744.0,False,False
675898130735476737,,,,
676089483918516224,1465.0,6761.0,False,False
676098748976615425,1251.0,6203.0,False,False
676101918813499392,1982.0,8148.0,False,False
676146341966438401,3752.0,13957.0,False,False
676191832485810177,1437.0,7419.0,False,False
676215927814406144,1637.0,7705.0,False,False
676219687039057920,760.0,5734.0,False,False
676237365392908289,3158.0,13060.0,False,False
676263575653122048,6542.0,21394.0,False,False
676430933382295552,1471.0,5457.0,False,False
676440007570247681,1811.0,9225.0,False,False
676470639084101634,2719.0,11219.0,False,False
676496375194980353,11591.0,36084.0,False,False
676533798876651520,3452.0,15038.0,False,False
676575501977128964,4035.0,15876.0,False,False
676582956622721024,5022.0,0.0,False,False
676588346097852417,1500.0,7094.0,False,False
676603393314578432,5742.0,20373.0,False,False
676606785097199616,3614.0,13546.0,False,False
676613908052996102,3124.0,10339.0,False,False
676617503762681856,2220.0,8084.0,False,False
676776431406465024,2674.0,11556.0,False,False
676811746707918848,21420.0,43565.0,False,False
676819651066732545,6089.0,0.0,False,False
676821958043033607,2262.0,8989.0,False,False
676864501615042560,3620.0,12824.0,False,False
676897532954456065,3725.0,14905.0,False,False
676936541936185344,56942.0,121040.0,False,False
676942428000112642,7534.0,0.0,False,False
676946864479084545,3956.0,13365.0,False,False
676948236477857792,35612.0,76479.0,False,False
676949632774234114,5677.0,0.0,False,False
676957860086095872,1994.0,5003.0,False,False
676975532580409345,2416.0,10459.0,False,False
677187300187611136,11941.0,0.0,False,False
677228873407442944,1221.0,6584.0,False,False
677269281705472000,5505.0,0.0,False,False
677301033169788928,1967.0,8459.0,False,False
677314812125323265,1879.0,6722.0,False,False
677328882937298944,8247.0,0.0,False,False
677331501395156992,1706.0,5884.0,False,False
677334615166730240,2584.0,8998.0,False,False
677530072887205888,1758.0,8012.0,False,False
677547928504967168,3921.0,14010.0,False,False
677557565589463040,2066.0,6284.0,False,False
677565715327688705,3319.0,0.0,False,False
677573743309385728,16584.0,45542.0,False,False
677644091929329666,2820.0,10303.0,False,False
677662372920729601,7622.0,0.0,False,False
677673981332312066,4247.0,11205.0,False,False
677687604918272002,1912.0,7958.0,False,False
677698403548192770,5465.0,0.0,False,False
677700003327029250,2523.0,10267.0,False,False
677716515794329600,2063.0,9229.0,False,False
677895101218201600,2984.0,0.0,False,False
677918531514703872,1509.0,7275.0,False,False
678021115718029313,2578.0,9141.0,False,False
678255464182861824,5989.0,16603.0,False,False
678278586130948096,1413.0,6934.0,False,False
678334497360859136,,,,
678341075375947776,2693.0,9299.0,False,False
678380236862578688,279.0,0.0,False,False
678389028614488064,1755.0,7930.0,False,False
678396796259975168,243.0,1821.0,False,False
678399652199309312,2117.0,8419.0,False,False
678410210315247616,845.0,6204.0,False,False
678424312106393600,6089.0,25064.0,False,False
678446151570427904,4054.0,0.0,False,False
678643457146150913,2160.0,8275.0,False,False
678675843183484930,98.0,700.0,False,False
678740035362037760,1656.0,0.0,False,False
678755239630127104,2868.0,10803.0,False,False
678764513869611008,3067.0,13451.0,False,False
678767140346941444,2230.0,9730.0,False,False
678774928607469569,4423.0,0.0,False,False
678798276842360832,2881.0,11416.0,False,False
678800283649069056,4048.0,0.0,False,False
678969228704284672,2618.0,15660.0,False,False
678991772295516161,13521.0,29067.0,False,False
679047485189439488,4818.0,0.0,False,False
679062614270468097,2218.0,8601.0,False,False
679111216690831360,1973.0,8251.0,False,False
679132435750195208,5621.0,0.0,False,False
679148763231985668,2837.0,10133.0,False,False
679158373988876288,2525.0,8267.0,False,False
679462823135686656,4593.0,13408.0,False,False
679475951516934144,1479.0,7667.0,False,False
679503373272485890,6826.0,0.0,False,False
679511351870550016,8003.0,0.0,False,False
679527802031484928,6677.0,0.0,False,False
679530280114372609,5091.0,0.0,False,False
679722016581222400,2396.0,0.0,False,False
679729593985699840,4845.0,0.0,False,False
679736210798047232,5691.0,0.0,False,False
679777920601223168,4016.0,0.0,False,False
679828447187857408,1906.0,0.0,False,False
679844490799091713,2026.0,0.0,False,False
679854723806179328,5872.0,0.0,False,False
679862121895714818,6004.0,0.0,False,False
679877062409191424,3444.0,0.0,False,False
680055455951884288,2624.0,10671.0,False,False
680070545539371008,3192.0,11887.0,False,False
680085611152338944,4999.0,14903.0,False,False
680100725817409536,6768.0,20419.0,False,False
680115823365742593,26.0,229.0,False,False
680130881361686529,9159.0,0.0,False,False
680145970311643136,1963.0,7873.0,False,False
680161097740095489,3128.0,12124.0,False,False
680176173301628928,7459.0,0.0,False,False
680191257256136705,1808.0,7762.0,False,False
680206703334408192,4267.0,11272.0,False,False
680221482581123072,14672.0,0.0,False,False
680440374763077632,14672.0,33037.0,False,False
680473011644985345,1857.0,5082.0,False,False
680494726643068929,2481.0,9325.0,False,False
680497766108381184,2378.0,8659.0,False,False
680583894916304897,3811.0,11063.0,False,False
680609293079592961,24306.0,50845.0,False,False
680798457301471234,2954.0,10309.0,False,False
680801747103793152,5576.0,16592.0,False,False
680836378243002368,3465.0,0.0,False,False
680889648562991104,2372.0,10499.0,False,False
680913438424612864,10588.0,0.0,False,False
680934982542561280,2745.0,9811.0,False,False
680940246314430465,3403.0,9438.0,False,False
680959110691590145,5022.0,17240.0,False,False
680970795137544192,1921.0,9451.0,False,False
681193455364796417,3219.0,0.0,False,False
681231109724700672,1671.0,8173.0,False,False
681242418453299201,2437.0,10931.0,False,False
681261549936340994,9410.0,25197.0,False,False
681281657291280384,2457.0,8915.0,False,False
681297372102656000,8575.0,20460.0,False,False
681302363064414209,3383.0,10770.0,False,False
681320187870711809,2945.0,10077.0,False,False
681339448655802368,2871.0,9141.0,False,False
681523177663676416,5786.0,15659.0,False,False
681579835668455424,2059.0,7111.0,False,False
681610798867845120,2859.0,9650.0,False,False
681654059175129088,1743.0,6338.0,False,False
681679526984871937,2556.0,6600.0,False,False
681694085539872773,4023.0,12989.0,False,False
681891461017812993,4080.0,14674.0,False,False
681981167097122816,4381.0,11577.0,False,False
682003177596559360,1725.0,7521.0,False,False
682032003584274432,4405.0,13780.0,False,False
682047327939461121,1851.0,7325.0,False,False
682059653698686977,21653.0,0.0,False,False
682242692827447297,9851.0,0.0,False,False
682259524040966145,3920.0,0.0,False,False
682303737705140231,22811.0,46191.0,False,False
682389078323662849,3219.0,12031.0,False,False
682393905736888321,4231.0,13447.0,False,False
682406705142087680,2606.0,8987.0,False,False
682429480204398592,4206.0,0.0,False,False
682638830361513985,2186.0,10064.0,False,False
682662431982772225,4807.0,17041.0,False,False
682697186228989953,2371.0,0.0,False,False
682750546109968385,1978.0,8415.0,False,False
682788441537560576,7353.0,21130.0,False,False
682962037429899265,1925.0,8012.0,False,False
683030066213818368,3254.0,12851.0,False,False
683078886620553216,3661.0,0.0,False,False
683098815881154561,2371.0,9472.0,False,False
683111407806746624,4225.0,0.0,False,False
683142553609318400,4232.0,10596.0,False,False
683357973142474752,1820.0,7665.0,False,False
683391852557561860,1975.0,6917.0,False,False
683449695444799489,3465.0,12001.0,False,False
683462770029932544,2356.0,8847.0,False,False
683481228088049664,5077.0,0.0,False,False
683498322573824003,2673.0,9318.0,False,False
683742671509258241,2874.0,9942.0,False,False
683773439333797890,12771.0,28047.0,False,False
683828599284170753,10588.0,27974.0,False,False
683834909291606017,7361.0,0.0,False,False
683849932751646720,5403.0,15907.0,False,False
683852578183077888,2146.0,7389.0,False,False
683857920510050305,1320.0,6259.0,False,False
684097758874210310,3517.0,0.0,False,False
684122891630342144,1353.0,6260.0,False,False
684177701129875456,3131.0,8828.0,False,False
684188786104872960,2854.0,10481.0,False,False
684195085588783105,2909.0,11121.0,False,False
684200372118904832,1785.0,7961.0,False,False
684222868335505415,6905.0,0.0,False,False
684225744407494656,8169.0,27198.0,False,False
684241637099323392,2476.0,0.0,False,False
684460069371654144,6253.0,18658.0,False,False
684481074559381504,2619.0,10840.0,False,False
684538444857667585,3188.0,9638.0,False,False
684567543613382656,3594.0,11126.0,False,False
684594889858887680,2914.0,8141.0,False,False
684800227459624960,4861.0,15592.0,False,False
684880619965411328,158.0,1454.0,False,False
684902183876321280,7195.0,0.0,False,False
684914660081053696,3259.0,11635.0,False,False
684926975086034944,1863.0,6838.0,False,False
684940049151070208,2286.0,8001.0,False,False
684959798585110529,2039.0,9304.0,False,False
685169283572338688,1288.0,6239.0,False,False
685198997565345792,1679.0,7409.0,False,False
685268753634967552,4946.0,12294.0,False,False
685307451701334016,3319.0,10334.0,False,False
685315239903100929,2593.0,9154.0,False,False
685321586178670592,1302.0,5816.0,False,False
685325112850124800,8247.0,20514.0,False,False
685532292383666176,11374.0,30381.0,False,False
685547936038666240,11018.0,30634.0,False,False
685641971164143616,2015.0,7506.0,False,False
685663452032069632,3284.0,10668.0,False,False
685667379192414208,2298.0,8632.0,False,False
685906723014619143,5610.0,17222.0,False,False
685943807276412928,5669.0,0.0,False,False
685973236358713344,11941.0,29733.0,False,False
686003207160610816,2246.0,8312.0,False,False
686007916130873345,7534.0,24599.0,False,False
686034024800862208,1438.0,7626.0,False,False
686050296934563840,5505.0,17626.0,False,False
686358356425093120,1914.0,7954.0,False,False
686377065986265092,5698.0,16976.0,False,False
686386521809772549,6344.0,0.0,False,False
686606069955735556,3444.0,11349.0,False,False
686618349602762752,2775.0,10637.0,False,False
686683045143953408,1146.0,4073.0,False,False
686730991906516992,5677.0,21134.0,False,False
686749460672679938,2599.0,7282.0,False,False
686947101016735744,2121.0,8587.0,False,False
687096057537363968,2793.0,9996.0,False,False
687102708889812993,7459.0,22047.0,False,False
687109925361856513,2048.0,7321.0,False,False
687124485711986689,1326.0,5596.0,False,False
687127927494963200,3411.0,12334.0,False,False
687312378585812992,1776.0,6425.0,False,False
687317306314240000,3778.0,0.0,False,False
687460506001633280,116.0,0.0,False,False
687476254459715584,1099.0,5393.0,False,False
687480748861947905,2294.0,8860.0,False,False
687494652870668288,2342.0,0.0,False,False
687664829264453632,5069.0,12422.0,False,False
687704180304273409,7195.0,19255.0,False,False
687807801670897665,3172.0,8966.0,False,False
687818504314159109,18692.0,0.0,False,False
687826841265172480,,,,
688064179421470721,4610.0,15044.0,False,False
688116655151435777,7359.0,20338.0,False,False
688179443353796608,10097.0,0.0,False,False
688211956440801280,367.0,884.0,False,False
688385280030670848,1339.0,7015.0,False,False
688519176466644993,1533.0,5873.0,False,False
688547210804498433,1027.0,4719.0,False,False
688789766343622656,4417.0,13855.0,False,False
688804835492233216,12479.0,0.0,False,False
688828561667567616,1123.0,5943.0,False,False
688894073864884227,3359.0,10560.0,False,False
688898160958271489,2692.0,8643.0,False,False
688908934925697024,1647.0,6663.0,False,False
688916208532455424,3593.0,0.0,False,False
689143371370250240,1653.0,6463.0,False,False
689154315265683456,2984.0,11427.0,False,False
689275259254616065,4311.0,0.0,False,False
689280876073582592,2544.0,8907.0,False,False
689283819090870273,4376.0,14519.0,False,False
689289219123089408,13944.0,0.0,False,False
689517482558820352,1234.0,4954.0,False,False
689557536375177216,2834.0,8977.0,False,False
689599056876867584,9306.0,0.0,False,False
689623661272240129,16153.0,30413.0,False,False
689659372465688576,2552.0,9789.0,False,False
689661964914655233,4423.0,11970.0,False,False
689835978131935233,153.0,1873.0,False,False
689877686181715968,16832.0,0.0,False,False
689905486972461056,2701.0,11909.0,False,False
689977555533848577,4054.0,14085.0,False,False
689999384604450816,4667.0,13176.0,False,False
690005060500217858,3019.0,7513.0,False,False
690015576308211712,3966.0,10318.0,False,False
690021994562220032,,,,
690248561355657216,4818.0,15801.0,False,False
690360449368465409,1820.0,8727.0,False,False
690374419777196032,1756.0,6844.0,False,False
690400367696297985,5621.0,22113.0,False,False
690597161306841088,3941.0,10901.0,False,False
690649993829576704,1777.0,6493.0,False,False
690690673629138944,1657.0,6700.0,False,False
690728923253055490,1335.0,5426.0,False,False
690735892932222976,6275.0,22448.0,False,False
690932576555528194,5166.0,0.0,False,False
690938899477221376,7584.0,23658.0,False,False
690959652130045952,3296.0,9596.0,False,False
691090071332753408,4213.0,10139.0,False,False
691096613310316544,3941.0,8701.0,False,False
691321916024623104,2388.0,8180.0,False,False
691416866452082688,3435.0,0.0,False,False
691444869282295808,1721.0,6601.0,False,False
691459709405118465,1415.0,6133.0,False,False
691483041324204033,1149.0,3856.0,False,False
691675652215414786,751.0,3823.0,False,False
691756958957883396,474.0,2761.0,False,False
691820333922455552,953.0,4060.0,False,False
692017291282812928,1934.0,6681.0,False,False
692142790915014657,3444.0,12175.0,False,False
692158366030913536,2648.0,8378.0,False,False
692187005137076224,5166.0,10631.0,False,False
692417313023332352,7599.0,0.0,False,False
692530551048294401,2972.0,9273.0,False,False
692535307825213440,1461.0,6330.0,False,False
692568918515392513,1681.0,6985.0,False,False
692752401762250755,,,,
692828166163931137,1217.0,4998.0,False,False
692894228850999298,1436.0,5255.0,False,False
692901601640583168,,,,
692905862751522816,1795.0,7439.0,False,False
692919143163629568,2130.0,6406.0,False,False
693095443459342336,1504.0,6330.0,False,False
693109034023534592,3102.0,0.0,False,False
693155686491000832,2328.0,7691.0,False,False
693231807727280129,9706.0,31803.0,False,False
693262851218264065,1697.0,6493.0,False,False
693280720173801472,7834.0,0.0,False,False
693486665285931008,1751.0,5474.0,False,False
693590843962331137,6603.0,14566.0,False,False
693622659251335168,2716.0,0.0,False,False
693629975228977152,901.0,4257.0,False,False
693642232151285760,1221.0,4178.0,False,False
693647888581312512,1298.0,5102.0,False,False
693942351086120961,5915.0,0.0,False,False
694001791655137281,3477.0,13797.0,False,False
694183373896572928,3593.0,11012.0,False,False
694206574471057408,1402.0,4801.0,False,False
694329668942569472,5465.0,16215.0,False,False
694352839993344000,2373.0,7589.0,False,False
694356675654983680,3817.0,12442.0,False,False
694669722378485760,2898.0,10294.0,False,False
694905863685980160,5714.0,0.0,False,False
695051054296211456,1371.0,5136.0,False,False
695064344191721472,383.0,2635.0,False,False
695074328191332352,810.0,4065.0,False,False
695095422348574720,1611.0,6062.0,False,False
695314793360662529,1912.0,6872.0,False,False
695409464418041856,2663.0,0.0,False,False
695446424020918272,864.0,4279.0,False,False
695629776980148225,502.0,3787.0,False,False
695767669421768709,2177.0,7309.0,False,False
695794761660297217,1241.0,5248.0,False,False
695816827381944320,3419.0,26887.0,False,False
696405997980676096,2193.0,7151.0,False,False
696488710901260288,3435.0,11762.0,False,False
696713835009417216,1795.0,6520.0,False,False
696754882863349760,1520.0,6085.0,False,False
696877980375769088,56.0,763.0,False,False
696886256886657024,4206.0,12732.0,False,False
696894894812565505,1489.0,5437.0,False,False
696900204696625153,3061.0,0.0,False,False
697242256848379904,2320.0,7439.0,False,False
697255105972801536,3661.0,12277.0,False,False
697259378236399616,6498.0,11334.0,False,False
697270446429966336,4225.0,10410.0,False,False
697463031882764288,1134.0,4852.0,False,False
697482927769255936,15718.0,32240.0,False,False
697575480820686848,2033.0,5468.0,False,False
697596423848730625,3964.0,0.0,False,False
697616773278015490,874.0,4309.0,False,False
697881462549430272,29425.0,50023.0,False,False
697943111201378304,1200.0,4171.0,False,False
697990423684476929,18262.0,0.0,False,False
697995514407682048,1465.0,5245.0,False,False
698178924120031232,1095.0,4532.0,False,False
698195409219559425,1584.0,5373.0,False,False
698262614669991936,3517.0,11447.0,False,False
698342080612007937,988.0,3851.0,False,False
698355670425473025,1931.0,6652.0,False,False
698549713696649216,1315.0,5020.0,False,False
698635131305795584,3666.0,7643.0,False,False
698703483621523456,1401.0,4266.0,False,False
698710712454139905,11632.0,27082.0,False,False
698907974262222848,877.0,3976.0,False,False
698953797952008193,1824.0,5745.0,False,False
698989035503689728,31.0,0.0,False,False
699036661657767936,2096.0,6004.0,False,False
699072405256409088,5714.0,14813.0,False,False
699079609774645248,2002.0,6788.0,False,False
699088579889332224,1937.0,6023.0,False,False
699323444782047232,,,,
699370870310113280,1198.0,4743.0,False,False
699413908797464576,2476.0,8560.0,False,False
699423671849451520,494.0,1688.0,False,False
699434518667751424,1967.0,6128.0,False,False
699446877801091073,1167.0,0.0,False,False
699691744225525762,4213.0,14658.0,False,False
699775878809702401,2044.0,6553.0,False,False
699779630832685056,907.0,3589.0,False,False
699788877217865730,3874.0,11321.0,False,False
699801817392291840,1626.0,5788.0,False,False
700002074055016451,1014.0,3846.0,False,False
700029284593901568,,,,
700062718104104960,,,,
700143752053182464,,,,
700151421916807169,,,,
700167517596164096,,,,
700462010979500032,,,,
700505138482569216,,,,
700518061187723268,,,,
700747788515020802,,,,
700796979434098688,,,,
700847567345688576,,,,
700864154249383937,,,,
700890391244103680,,,,
701214700881756160,,,,
701545186879471618,,,,
701570477911896070,,,,
701601587219795968,,,,
701889187134500865,,,,
701952816642965504,,,,
701981390485725185,,,,
702217446468493312,,,,
702276748847800320,,,,
702321140488925184,,,,
702539513671897089,,,,
702598099714314240,,,,
702671118226825216,,,,
702684942141153280,,,,
702932127499816960,,,,
703041949650034688,,,,
703079050210877440,,,,
703268521220972544,,,,
703356393781329922,,,,
703382836347330562,,,,
703407252292673536,,,,
703425003149250560,,,,
703611486317502464,,,,
703631701117943808,,,,
703769065844768768,,,,
703774238772166656,,,,
704054845121142784,,,,
704113298707505153,,,,
704347321748819968,,,,
704364645503647744,,,,
704480331685040129,,,,
704499785726889984,,,,
704761120771465216,,,,
704819833553219584,,,,
704847917308362754,,,,
704859558691414016,,,,
704871453724954624,,,,
705066031337840642,,,,
705102439679201280,,,,
705223444686888960,,,,
705239209544720384,,,,
705428427625635840,,,,
705442520700944385,,,,
705475953783398401,,,,
705591895322394625,,,,
705786532653883392,,,,
705898680587526145,,,,
705970349788291072,,,,
705975130514706432,,,,
706166467411222528,,,,
706265994973601792,,,,
706291001778950144,,,,
706310011488698368,,,,
706346369204748288,,,,
706516534877929472,,,,
706538006853918722,,,,
706593038911545345,,,,
706644897839910912,,,,
706681918348251136,,,,
706901761596989440,,,,
707014260413456384,,,,
707021089608753152,,,,
707038192327901184,,,,
707059547140169728,,,,
707297311098011648,,,,
707315916783140866,,,,
707377100785885184,,,,
707387676719185920,,,,
707411934438625280,,,,
707420581654872064,,,,
707610948723478529,,,,
707693576495472641,,,,
707741517457260545,,,,
707776935007539200,,,,
707969809498152960,,,,
707995814724026368,,,,
708026248782585858,,,,
708109389455101952,,,,
708119489313951744,,,,
708130923141795840,,,,
708149363256774660,,,,
708349470027751425,,,,
708356463048204288,,,,
708469915515297792,,,,
708479650088034305,,,,
708711088997666817,,,,
708738143638450176,,,,
708810915978854401,,,,
708834316713893888,,,,
708845821941387268,,,,
709042156699303936,,,,
709158332880297985,,,,
709198395643068416,,,,
709207347839836162,,,,
709225125749587968,,,,
709409458133323776,,,,
709449600415961088,,,,
709519240576036864,,,,
709556954897764353,,,,
709566166965075968,,,,
709852847387627521,,,,
709901256215666688,,,,
709918798883774466,,,,
710117014656950272,,,,
710140971284037632,,,,
710153181850935296,,,,
710269109699739648,,,,
710272297844797440,,,,
710283270106132480,,,,
710588934686908417,,,,
710658690886586372,,,,
710833117892898816,,,,
710844581445812225,,,,
710997087345876993,,,,
711008018775851008,,,,
711306686208872448,,,,
711363825979756544,,,,
711652651650457602,,,,
711694788429553666,,,,
711732680602345472,,,,
711743778164514816,,,,
711968124745228288,,,,
711998809858043904,,,,
712065007010385924,,,,
712085617388212225,,,,
712092745624633345,,,,
712097430750289920,,,,
712438159032893441,,,,
712668654853337088,,,,
712717840512598017,,,,
712809025985978368,,,,
713175907180089344,,,,
713177543487135744,,,,
713411074226274305,,,,
713761197720473600,,,,
713900603437621249,,,,
713919462244790272,,,,
714141408463036416,,,,
714214115368108032,,,,
714251586676113411,,,,
714258258790387713,,,,
714606013974974464,,,,
714631576617938945,,,,
714957620017307648,,,,
714982300363173890,,,,
715009755312439296,,,,
715200624753819648,,,,
715220193576927233,,,,
715342466308784130,,,,
715360349751484417,,,,
715680795826982913,,,,
715696743237730304,,,,
715733265223708672,,,,
715928423106027520,,,,
716080869887381504,,,,
716285507865542656,,,,
716439118184652801,,,,
716791146589110272,,,,
716802964044845056,,,,
717009362452090881,,,,
717047459982213120,,,,
717421804990701568,,,,
717537687239008257,,,,
717790033953034240,,,,
717841801130979328,,,,
718234618122661888,,,,
718246886998687744,,,,
718454725339934721,,,,
718460005985447936,,,,
718540630683709445,,,,
718613305783398402,,,,
718631497683582976,,,,
718939241951195136,,,,
718971898235854848,,,,
719332531645071360,,,,
719339463458033665,,,,
719367763014393856,,,,
719551379208073216,,,,
719704490224398336,,,,
719991154352222208,,,,
720043174954147842,,,,
720059472081784833,,,,
720340705894408192,,,,
720389942216527872,,,,
720415127506415616,,,,
720775346191278080,,,,
720785406564900865,,,,
721001180231503872,,,,
721503162398597120,,,,
722613351520608256,,,,
722974582966214656,,,,
723179728551723008,,,,
723673163800948736,,,,
723688335806480385,,,,
723912936180330496,,,,
724004602748780546,,,,
724046343203856385,,,,
724049859469295616,,,,
724405726123311104,,,,
724771698126512129,,,,
724983749226668032,,,,
725729321944506368,,,,
725786712245440512,,,,
725842289046749185,,,,
726224900189511680,,,,
726828223124897792,,,,
726887082820554753,,,,
726935089318363137,,,,
727175381690781696,,,,
727286334147182592,,,,
727314416056803329,,,,
727524757080539137,,,,
727644517743104000,,,,
727685679342333952,,,,
728015554473250816,,,,
728035342121635841,,,,
728046963732717569,,,,
728387165835677696,,,,
728409960103686147,,,,
728653952833728512,,,,
728751179681943552,,,,
728760639972315136,,,,
728986383096946689,,,,
729113531270991872,,,,
729463711119904772,,,,
729823566028484608,,,,
729838605770891264,,,,
729854734790754305,,,,
730196704625098752,,,,
730211855403241472,,,,
730427201120833536,,,,
730573383004487680,,,,
730924654643314689,,,,
731156023742988288,,,,
731285275100512256,,,,
732005617171337216,,,,
732375214819057664,,,,
732585889486888962,,,,
732726085725589504,,,,
732732193018155009,,,,
733109485275860992,,,,
733460102733135873,,,,
733482008106668032,,,,
733822306246479872,,,,
733828123016450049,,,,
734776360183431168,,,,
734787690684657664,,,,
734912297295085568,,,,
735137028879360001,,,,
735256018284875776,,,,
735274964362878976,,,,
735635087207878657,,,,
735648611367784448,,,,
735991953473572864,,,,
736010884653420544,,,,
736225175608430592,,,,
736365877722001409,,,,
736736130620620800,,,,
737310737551491075,,,,
737322739594330112,,,,
737445876994609152,,,,
737678689543020544,,,,
737800304142471168,,,,
737826014890496000,,,,
738156290900254721,,,,
738166403467907072,,,,
738184450748633089,,,,
738402415918125056,,,,
738537504001953792,,,,
738883359779196928,,,,
738885046782832640,,,,
739238157791694849,,,,
739485634323156992,,,,
739544079319588864,,,,
739606147276148736,,,,
739844404073074688,,,,
739932936087216128,,,,
739979191639244800,,,,
740214038584557568,,,,
740359016048689152,,,,
740365076218183684,,,,
740373189193256964,,,,
740676976021798912,,,,
740699697422163968,,,,
740711788199743490,,,,
740995100998766593,,,,
741067306818797568,,,,
741303864243200000,,,,
741438259667034112,,,,
741743634094141440,,,,
741793263812808706,,,,
742150209887731712,,,,
742161199639494656,,,,
742385895052087300,,,,
742423170473463808,,,,
742465774154047488,,,,
742528092657332225,,,,
743210557239623680,,,,
743222593470234624,,,,
743253157753532416,,,,
743510151680958465,,,,
743545585370791937,,,,
743595368194129920,,,,
743609206067040256,,,,
743895849529389061,,,,
743980027717509120,,,,
744234799360020481,,,,
744334592493166593,,,,
744709971296780288,,,,
744971049620602880,,,,
744995568523612160,,,,
745057283344719872,,,,
745314880350101504,,,,
745422732645535745,,,,
745433870967832576,,,,
745712589599014916,,,,
745789745784041472,,,,
746056683365994496,,,,
746131877086527488,,,,
746369468511756288,,,,
746507379341139972,,,,
746726898085036033,,,,
746790600704425984,,,,
746818907684614144,,,,
746872823977771008,,,,
746906459439529985,,,,
747103485104099331,,,,
747204161125646336,,,,
747219827526344708,,,,
747461612269887489,,,,
747512671126323200,,,,
747594051852075008,,,,
747600769478692864,,,,
747816857231626240,,,,
747844099428986880,,,,
747885874273214464,,,,
747933425676525569,,,,
747963614829678593,,,,
748307329658011649,,,,
748324050481647620,,,,
748346686624440324,,,,
748568946752774144,,,,
748575535303884801,,,,
748692773788876800,,,,
748699167502000129,,,,
748705597323898880,,,,
748932637671223296,,,,
748977405889503236,,,,
749036806121881602,,,,
749064354620928000,,,,
749317047558017024,,,,
749395845976588288,,,,
749403093750648834,,,,
749417653287129088,,,,
749774190421639168,,,,
749981277374128128,,,,
749996283729883136,,,,
750011400160841729,,,,
750026558547456000,,,,
750041628174217216,,,,
750056684286914561,,,,
750071704093859840,,,,
750086836815486976,,,,
750101899009982464,,,,
750117059602808832,,,,
750132105863102464,,,,
750147208377409536,,,,
750383411068534784,,,,
750429297815552001,,,,
750506206503038976,,,,
750719632563142656,,,,
750868782890057730,,,,
751132876104687617,,,,
751205363882532864,,,,
751251247299190784,,,,
751456908746354688,,,,
751538714308972544,,,,
751583847268179968,,,,
751598357617971201,,,,
751830394383790080,,,,
751937170840121344,,,,
752173152931807232,,,,
752309394570878976,,,,
752334515931054080,,,,
752519690950500352,,,,
752660715232722944,,,,
752682090207055872,,,,
752917284578922496,,,,
753026973505581056,,,,
753294487569522689,,,,
753375668877008896,,,,
753398408988139520,,,,
753420520834629632,,,,
753655901052166144,,,,
754011816964026368,,,,
754120377874386944,,,,
754449512966619136,,,,
754482103782404096,,,,
754747087846248448,,,,
754856583969079297,,,,
754874841593970688,,,,
755110668769038337,,,,
755206590534418437,,,,
755955933503782912,,,,
756275833623502848,,,,
756288534030475264,,,,
756303284449767430,,,,
756526248105566208,,,,
756651752796094464,,,,
756939218950160384,,,,
756998049151549440,,,,
757354760399941633,,,,
757393109802180609,,,,
757400162377592832,,,,
757596066325864448,,,,
757597904299253760,,,,
757611664640446465,,,,
757725642876129280,,,,
757729163776290825,,,,
757741869644341248,,,,
758041019896193024,,,,
758355060040593408,,,,
758405701903519748,,,,
758467244762497024,,,,
758474966123810816,,,,
758740312047005698,,,,
758828659922702336,,,,
758854675097526272,,,,
759047813560868866,,,,
759099523532779520,,,,
759159934323924993,,,,
759197388317847553,,,,
759447681597108224,,,,
759557299618865152,,,,
759566828574212096,,,,
759793422261743616,,,,
759846353224826880,,,,
759923798737051648,,,,
760190180481531904,,,,
760252756032651264,,,,
760290219849637889,,,,
760539183865880579,,,,
760641137271070720,,,,
760656994973933572,,,,
760893934457552897,,,,
761004547850530816,,,,
761227390836215808,,,,
761292947749015552,,,,
761334018830917632,,,,
761371037149827077,,,,
761599872357261312,,,,
761672994376806400,,,,
761745352076779520,,,,
761750502866649088,,,,
761976711479193600,,,,
762035686371364864,,,,
762316489655476224,,,,
762464539388485633,,,,
762471784394268675,,,,
762699858130116608,,,,
763103485927849985,,,,
763183847194451968,,,,
763837565564780549,,,,
764259802650378240,,,,
764857477905154048,,,,
765222098633691136,,,,
765371061932261376,,,,
765395769549590528,,,,
765669560888528897,,,,
765719909049503744,,,,
766008592277377025,,,,
766069199026450432,,,,
766078092750233600,,,,
766313316352462849,,,,
766423258543644672,,,,
766693177336135680,,,,
766793450729734144,,,,
767122157629476866,,,,
767191397493538821,,,,
767500508068192258,,,,
767754930266464257,,,,
767884188863397888,,,,
768193404517830656,,,,
768473857036525572,,,,
768596291618299904,,,,
768609597686943744,,,,
768855141948723200,,,,
768970937022709760,,,,
769212283578875904,,,,
769695466921623552,,,,
769940425801170949,,,,
770069151037685760,,,,
770093767776997377,,,,
770293558247038976,,,,
770414278348247044,,,,
770655142660169732,,,,
770772759874076672,,,,
770787852854652928,,,,
771004394259247104,,,,
771014301343748096,,,,
771102124360998913,,,,
771136648247640064,,,,
771171053431250945,,,,
771380798096281600,,,,
771500966810099713,,,,
771770456517009408,,,,
772102971039580160,,,,
772114945936949249,,,,
772117678702071809,,,,
772152991789019136,,,,
772193107915964416,,,,
772581559778025472,,,,
772615324260794368,,,,
772826264096874500,,,,
772877495989305348,,,,
773191612633579521,,,,
773247561583001600,,,,
773308824254029826,,,,
773547596996571136,,,,
773670353721753600,,,,
773704687002451968,,,,
773922284943896577,,,,
773985732834758656,,,,
774314403806253056,,,,
774639387460112384,,,,
774757898236878852,,,,
775085132600442880,,,,
775364825476165632,,,,
775729183532220416,,,,
775733305207554048,,,,
775842724423557120,,,,
775898661951791106,,,,
776088319444877312,,,,
776113305656188928,,,,
776201521193218049,,,,
776218204058357768,,,,
776477788987613185,,,,
776813020089548800,,,,
776819012571455488,,,,
777189768882946048,,,,
777621514455814149,,,,
777641927919427584,,,,
777684233540206592,,,,
777885040357281792,,,,
778027034220126208,,,,
778039087836069888,,,,
778286810187399168,,,,
778383385161035776,,,,
778396591732486144,,,,
778408200802557953,,,,
778624900596654080,,,,
778650543019483137,,,,
778748913645780993,,,,
778990705243029504,,,,
779056095788752897,,,,
779123168116150273,,,,
779377524342161408,,,,
779834332596887552,,,,
780192070812196864,,,,
780459368902959104,,,,
780476555013349377,,,,
780496263422808064,,,,
780543529827336192,,,,
780601303617732608,,,,
780800785462489090,,,,
780858289093574656,,,,
780931614150983680,,,,
781163403222056960,,,,
781251288990355457,,,,
781524693396357120,,,,
781661882474196992,,,,
781955203444699136,,,,
782021823840026624,,,,
782305867769217024,,,,
782598640137187329,,,,
782722598790725632,,,,
782747134529531904,,,,
782969140009107456,,,,
783085703974514689,,,,
783334639985389568,,,,
783347506784731136,,,,
783391753726550016,,,,
783466772167098368,,,,
783695101801398276,,,,
783821107061198850,,,,
783839966405230592,,,,
784431430411685888,,,,
784517518371221505,,,,
784826020293709826,,,,
785170936622350336,,,,
785264754247995392,,,,
785533386513321988,,,,
785639753186217984,,,,
785872687017132033,,,,
785927819176054784,,,,
786036967502913536,,,,
786233965241827333,,,,
786363235746385920,,,,
786595970293370880,,,,
786664955043049472,,,,
786709082849828864,,,,
786963064373534720,,,,
787322443945877504,,,,
787397959788929025,,,,
787717603741622272,,,,
787810552592695296,,,,
788039637453406209,,,,
788070120937619456,,,,
788150585577050112,,,,
788178268662984705,,,,
788412144018661376,,,,
788765914992902144,,,,
788908386943430656,,,,
789137962068021249,,,,
789268448748703744,,,,
789530877013393408,,,,
789599242079838210,,,,
789628658055020548,,,,
789986466051088384,,,,
790277117346975746,,,,
790337589677002753,,,,
790581949425475584,,,,
790698755171364864,,,,
790723298204217344,,,,
790946055508652032,,,,
790987426131050500,,,,
791026214425268224,,,,
791312159183634433,,,,
791406955684368384,,,,
791672322847637504,,,,
792050063153438720,,,,
792394556390137856,,,,
792773781206999040,,,,
792883833364439040,,,,
792913359805018113,,,,
793120401413079041,,,,
793135492858580992,,,,
793150605191548928,,,,
793165685325201412,,,,
793180763617361921,,,,
793195938047070209,,,,
793210959003287553,,,,
793226087023144960,,,,
793241302385262592,,,,
793256262322548741,,,,
793271401113350145,,,,
793286476301799424,,,,
793500921481273345,,,,
793601777308463104,,,,
793614319594401792,,,,
793845145112371200,,,,
793962221541933056,,,,
794205286408003585,,,,
794332329137291264,,,,
794355576146903043,,,,
794926597468000259,,,,
794983741416415232,,,,
795076730285391872,,,,
795400264262053889,,,,
795464331001561088,,,,
796031486298386433,,,,
796080075804475393,,,,
796116448414461957,,,,
796149749086875649,,,,
796177847564038144,,,,
796387464403357696,,,,
796484825502875648,,,,
796759840936919040,,,,
796865951799083009,,,,
797236660651966464,,,,
797545162159308800,,,,
797971864723324932,,,,
798209839306514432,,,,
798340744599797760,,,,
798628517273620480,,,,
798644042770751489,,,,
798665375516884993,,,,
798673117451325440,,,,
798694562394996736,,,,
798697898615730177,,,,
798925684722855936,,,,
798933969379225600,,,,
799063482566066176,,,,
799297110730567681,,,,
799422933579902976,,,,
799757965289017345,,,,
799774291445383169,,,,
800018252395122689,,,,
800141422401830912,,,,
800388270626521089,,,,
800443802682937345,,,,
800459316964663297,,,,
800513324630806528,,,,
800751577355128832,,,,
801115127852503040,,,,
801167903437357056,,,,
801285448605831168,,,,
801538201127157760,,,,
801958328846974976,,,,
802239329049477120,,,,
802247111496568832,,,,
802265048156610565,,,,
802323869084381190,,,,
802572683846291456,,,,
802624713319034886,,,,
802952499103731712,,,,
803276597545603072,,,,
803380650405482500,,,,
803638050916102144,,,,
803692223237865472,,,,
803773340896923648,,,,
804026241225523202,,,,
804413760345620481,,,,
804738756058218496,,,,
805207613751304193,,,,
805487436403003392,,,,
805520635690676224,,,,
805826884734976000,,,,
805932879469572096,,,,
805958939288408065,,,,
806219024703037440,,,,
806242860592926720,,,,
806542213899489280,,,,
806629075125202948,,,,
807010152071229440,,,,
807059379405148160,,,,
807106840509214720,,,,
807621403335917568,,,,
808001312164028416,,,,
808106460588765185,,,,
808134635716833280,,,,
808501579447930884,,,,
808733504066486276,,,,
808838249661788160,,,,
809084759137812480,,,,
809220051211603969,,,,
809448704142938112,,,,
809808892968534016,,,,
809920764300447744,,,,
810254108431155201,,,,
810284430598270976,,,,
810657578271330305,,,,
810896069567610880,,,,
810984652412424192,,,,
811386762094317568,,,,
811627233043480576,,,,
811744202451197953,,,,
811985624773361665,,,,
812372279581671427,,,,
812466873996607488,,,,
812503143955202048,,,,
812709060537683968,,,,
812781120811126785,,,,
813051746834595840,,,,
813066809284972545,,,,
813081950185472002,,,,
813096984823349248,,,,
813112105746448384,,,,
813127251579564032,,,,
813142292504645637,,,,
813157409116065792,,,,
813172488309972993,,,,
813187593374461952,,,,
813202720496779264,,,,
813217897535406080,,,,
813800681631023104,,,,
813812741911748608,,,,
813910438903693312,,,,
813944609378369540,,,,
814153002265309185,,,,
814530161257443328,,,,
814638523311648768,,,,
814986499976527872,,,,
815390420867969024,,,,
815639385530101762,,,,
815736392542261248,,,,
815966073409433600,,,,
815990720817401858,,,,
816014286006976512,,,,
816091915477250048,,,,
816336735214911488,,,,
816450570814898180,,,,
816697700272001025,,,,
816816676327063552,,,,
816829038950027264,,,,
817056546584727552,,,,
817120970343411712,,,,
817171292965273600,,,,
817181837579653120,,,,
817415592588222464,,,,
817423860136083457,,,,
817536400337801217,,,,
817777686764523521,,,,
817827839487737858,,,,
818145370475810820,,,,
818259473185828864,,,,
818536468981415936,,,,
818588835076603904,,,,
818614493328580609,,,,
818627210458333184,,,,
819004803107983360,,,,
819006400881917954,,,,
819015331746349057,,,,
819015337530290176,,,,
819227688460238848,,,,
819347104292290561,,,,
819588359383371776,,,,
819711362133872643,,,,
819924195358416896,,,,
819952236453363712,,,,
820078625395449857,,,,
820314633777061888,,,,
820446719150292993,,,,
820690176645140481,,,,
820749716845686786,,,,
821044531881721856,,,,
821107785811234820,,,,
821149554670182400,,,,
821407182352777218,,,,
821522889702862852,,,,
821765923262631936,,,,
821813639212650496,,,,
821886076407029760,,,,
822244816520155136,,,,
822462944365645825,,,,
822489057087389700,,,,
822610361945911296,,,,
822647212903690241,,,,
822859134160621569,,,,
822872901745569793,,,,
822975315408461824,,,,
823269594223824897,,,,
823322678127919110,,,,
823581115634085888,,,,
823699002998870016,,,,
823939628516474880,,,,
824297048279236611,,,,
824325613288833024,,,,
824663926340194305,,,,
824775126675836928,,,,
824796380199809024,,,,
825026590719483904,,,,
825147591692263424,,,,
825535076884762624,,,,
825829644528148480,,,,
825876512159186944,,,,
826115272272650244,,,,
826204788643753985,,,,
826240494070030336,,,,
826476773533745153,,,,
826598365270007810,,,,
826848821049180160,,,,
826958653328592898,,,,
827199976799354881,,,,
827324948884643840,,,,
827600520311402496,,,,
827653905312006145,,,,
827933404142436356,,,,
828011680017821696,,,,
828046555563323392,,,,
828372645993398273,,,,
828376505180889089,,,,
828381636999917570,,,,
828408677031882754,,,,
828409743546925057,,,,
828650029636317184,,,,
828708714936930305,,,,
828770345708580865,,,,
829011960981237760,,,,
829141528400556032,,,,
829374341691346946,,,,
829449946868879360,,,,
829501995190984704,,,,
829861396166877184,,,,
829878982036299777,,,,
830097400375152640,,,,
830583320585068544,,,,
830956169170665475,,,,
831262627380748289,,,,
831309418084069378,,,,
831315979191906304,,,,
831322785565769729,,,,
831552930092285952,,,,
831650051525054464,,,,
831670449226514432,,,,
831911600680497154,,,,
831939777352105988,,,,
832032802820481025,,,,
832040443403784192,,,,
832215726631055365,,,,
832273440279240704,,,,
832369877331693569,,,,
832397543355072512,,,,
832636094638288896,,,,
832757312314028032,,,,
832769181346996225,,,,
832998151111966721,,,,
833124694597443584,,,,
833479644947025920,,,,
833722901757046785,,,,
833826103416520705,,,,
833863086058651648,,,,
834086379323871233,,,,
834167344700198914,,,,
834209720923721728,,,,
834458053273591808,,,,
834574053763584002,,,,
834786237630337024,,,,
834931633769889797,,,,
835152434251116546,,,,
835172783151792128,,,,
835264098648616962,,,,
835297930240217089,,,,
835574547218894849,,,,
836001077879255040,,,,
836260088725786625,,,,
836380477523124226,,,,
836677758902222849,,,,
836753516572119041,,,,
836989968035819520,,,,
837012587749474308,,,,
837110210464448512,,,,
837366284874571778,,,,
837471256429613056,,,,
837482249356513284,,,,
837820167694528512,,,,
838083903487373313,,,,
838476387338051585,,,,
838561493054533637,,,,
838916489579200512,,,,
838921590096166913,,,,
839239871831150596,,,,
839290600511926273,,,,
839549326359670784,,,,
839990271299457024,,,,
840268004936019968,,,,
840370681858686976,,,,
840632337062862849,,,,
840696689258311684,,,,
841077006473256960,,,,
841314665196081154,,,,
841439858740625411,,,,
841680585030541313,,,,
841833993020538882,,,,
842115215311396866,,,,
842163532590374912,,,,
842535590457499648,,,,
842765311967449089,,,,
842846295480000512,,,,
842892208864923648,,,,
843235543001513987,,,,
843604394117681152,,,,
843856843873095681,,,,
844223788422217728,,,,
844580511645339650,,,,
844704788403113984,,,,
844973813909606400,,,,
844979544864018432,,,,
845306882940190720,,,,
845397057150107648,,,,
845677943972139009,,,,
845812042753855489,,,,
846042936437604353,,,,
846153765933735936,,,,
846514051647705089,,,,
846874817362120707,,,,
847116187444137987,,,,
847157206088847362,,,,
847251039262605312,,,,
847606175596138505,,,,
847842811428974592,,,,
847962785489326080,,,,
847971574464610304,,,,
848212111729840128,,,,
848324959059550208,,,,
848690551926992896,,,,
849051919805034497,,,,
849336543269576704,,,,
849412302885593088,,,,
849776966551130114,,,,
850019790995546112,,,,
850145622816686080,,,,
850380195714523136,,,,
850753642995093505,,,,
851224888060895234,,,,
851464819735769094,,,,
851591660324737024,,,,
851861385021730816,,,,
851953902622658560,,,,
852189679701164033,,,,
852226086759018497,,,,
852311364735569921,,,,
852553447878664193,,,,
852672615818899456,,,,
852912242202992640,,,,
853299958564483072,,,,
853639147608842240,,,,
853760880890318849,,,,
854010172552949760,,,,
854120357044912130,,,,
854365224396361728,,,,
854482394044301312,,,,
854732716440526848,,,,
855459453768019968,,,,
855851453814013952,,,,
856282028240666624,,,,
856526610513747968,,,,
856543823941562368,,,,
857029823797047296,,,,
857263160327368704,,,,
857393404942143489,,,,
857746408056729600,,,,
857989990357356544,,,,
858107933456039936,,,,
858471635011153920,,,,
858843525470990336,,,,
859074603037188101,,,,
859196978902773760,,,,
859607811541651456,,,,
859851578198683649,,,,
859924526012018688,,,,
860184849394610176,,,,
860276583193509888,,,,
860524505164394496,,,,
860563773140209665,,,,
860924035999428608,,,,
861005113778896900,,,,
861288531465048066,,,,
861383897657036800,,,,
861769973181624320,,,,
862096992088072192,,,,
862457590147678208,,,,
862722525377298433,,,,
862831371563274240,,,,
863062471531167744,,,,
863079547188785154,,,,
863432100342583297,,,,
863553081350529029,,,,
863907417377173506,,,,
864197398364647424,,,,
864279568663928832,,,,
864873206498414592,,,,
865006731092295680,,,,
865359393868664832,,,,
865718153858494464,,,,
866334964761202691,,,,
866450705531457537,,,,
866686824827068416,,,,
867051520902168576,,,,
867072653475098625,,,,
867421006826221569,,,,
867774946302451713,,,,
867900495410671616,,,,
868552278524837888,,,,
868622495443632128,,,,
868880397819494401,,,,
869227993411051520,,,,
869596645499047938,,,,
869702957897576449,,,,
869772420881756160,,,,
870063196459192321,,,,
870308999962521604,,,,
870374049280663552,,,,
870656317836468226,,,,
870804317367881728,,,,
871032628920680449,,,,
871515927908634625,,,,
871762521631449091,,,,
871879754684805121,,,,
872122724285648897,,,,
872261713294495745,,,,
872486979161796608,,,,
872620804844003328,,,,
872820683541237760,,,,
872967104147763200,,,,
873213775632977920,,,,
873580283840344065,,,,
873697596434513921,,,,
874012996292530176,,,,
874057562936811520,,,,
874296783580663808,,,,
874680097055178752,,,,
875021211251597312,,,,
875144289856114688,,,,
875747767867523072,,,,
876120275196170240,,,,
876484053909872640,,,,
876838120628539392,,,,
877201837425926144,,,,
877316821321428993,,,,
877556246731214848,,,,
877611172832227328,,,,
877736472329191424,,,,
878057613040115712,,,,
878281511006478336,,,,
878776093423087618,,,,
879008229531029506,,,,
879050749262655488,,,,
879376492567855104,,,,
879415818425184262,,,,
879492040517615616,,,,
879862464715927552,,,,
880095782870896641,,,,
880221127280381952,,,,
880465832366813184,,,,
880872448815771648,,,,
880935762899988482,,,,
881268444196462592,,,,
881536004380872706,,,,
881666595344535552,,,,
881906580714921986,,,,
882045870035918850,,,,
882268110199369728,,,,
882627270321602560,,,,
882762694511734784,,,,
882992080364220416,,,,
883117836046086144,,,,
883360690899218434,,,,
883482846933004288,,,,
883838122936631299,,,,
884162670584377345,,,,
884441805382717440,,,,
884562892145688576,,,,
884876753390489601,,,,
884925521741709313,,,,
885167619883638784,,,,
885311592912609280,,,,
885528943205470208,,,,
885984800019947520,,,,
886258384151887873,,,,
886366144734445568,,,,
886680336477933568,,,,
886736880519319552,,,,
886983233522544640,,,,
887101392804085760,,,,
887343217045368832,,,,
887473957103951883,,,,
887517139158093824,,,,
887705289381826560,,,,
888078434458587136,,,,
888202515573088257,,,,
888554962724278272,,,,
888804989199671297,,,,
888917238123831296,,,,
889278841981685760,,,,
889531135344209921,,,,
889638837579907072,,,,
889665388333682689,,,,
889880896479866881,,,,
890006608113172480,,,,
890240255349198849,,,,
890609185150312448,,,,
890729181411237888,,,,
890971913173991426,,,,
891087950875897856,,,,
891327558926688256,,,,
891689557279858688,,,,
891815181378084864,,,,
892177421306343426,,,,
892420643555336193,,,,
